label,conc
site A,87.1039052451861
site A,59.6132207146025
site A,112.252874524829
site A,34.5314146950841
site A,2.46777532156557
site A,33.5323970997706
site A,35.1477579127593
site A,34.5237162429839
site A,0.374361802823842
site A,55.3897050654
site A,10.2927266387269
site A,15.9927048254758
site A,92.3940804744971
site A,33.5198160260916
site A,28.5502984654158
site B,125.279929384351
site B,80.9685128182173
site B,88.5303412470967
site B,248.023416966873
site B,167.735314493285
